DISTRICT BY ADDRESS,paymeter Account Number
Agbara,7770000017
Agbara,7770000085
Agbara,7770000095
Agbara,7770000100
Agbara,7770000114
Agbara,7770000159
Agbara,7770000225
Agbara,7770000258
Agbara,7770000269
Agbara,7770000272
Agbara,7770000279
Agbara,7770000319
Agbara,7770000359
Agbara,7770000380
Agbara,7770000382
Agbara,7770000407
Agbara,7770000419
Agbara,7770000434
Agbara,7770000435
Agbara,7770000438
Agbara,7770000443
Agbara,7770000447
Agbara,7770000448
Agbara,7770000449
Agbara,7770000454
Agbara,7770000484
Agbara,7770000487
Agbara,7770000509
Agbara,7770000522
Agbara,9623817646
Agbara,9639936195
Agbara,9639937817
Agbara,9639937848
Agbara,9639939103
Agbara,9639940839
Agbara,9639941056
Agbara,9639944057
Agbara,9639945016
Agbara,9639948866
Agbara,9639958409
Agbara,9639962435
Agbara,9639965711
Agbara,9639967124
Agbara,9639971459
Agbara,9639971583
Agbara,9639974814
Agbara,9639979981
Agbara,9639986413
Agbara,9639988462
Agbara,9640004496
Agbara,9640008937
Agbara,9640011526
Agbara,9640012860
Agbara,9640013269
Agbara,9640016648
Agbara,9640016772
Agbara,9640019340
Agbara,9640019498
Agbara,9640023390
Agbara,9640024177
Agbara,9640024380
Agbara,9640031788
Agbara,9640036862
Agbara,9640038000
Agbara,9640042074
Agbara,9640045288
Agbara,9640046797
Agbara,9640047134
Agbara,9640047701
Agbara,9640049183
Agbara,9640055182
Agbara,9640055412
Agbara,9640058671
Agbara,9640062968
Agbara,9640064175
Agbara,9640070909
Agbara,9640072680
Agbara,9640076451
Agbara,9640076523
Agbara,9640079610
Agbara,9640084825
Agbara,9640087541
Agbara,9640093478
Agbara,9640093540
Agbara,9640095661
Agbara,9640097531
Agbara,9640100958
Agbara,9640103564
Agbara,9640107115
Agbara,9640107782
Agbara,9640113413
Agbara,9640116641
Agbara,9640116696
Agbara,9640117813
Agbara,9640121423
Agbara,9640122372
Agbara,9640124228
Agbara,9640138003
Agbara,9640138261
Agbara,9640139529
Agbara,9640139718
Agbara,9640142156
Agbara,9640144985
Agbara,9640145968
Agbara,9640151321
Agbara,9640152191
Agbara,9640152751
Agbara,9640153222
Agbara,9640153758
Agbara,9640179730
Agbara,9640180332
Agbara,9640187678
Agbara,9640190061
Agbara,9640190803
Agbara,9640198373
Agbara,9640198672
Agbara,9640208830
Agbara,9640209318
Agbara,9640210350
Agbara,9640211058
Agbara,9640214372
Agbara,9640214523
Agbara,9640215393
Agbara,9640219748
Agbara,9640224630
Agbara,9640230031
Agbara,9640230938
Agbara,9640232437
Agbara,9640233362
Agbara,9640234015
Agbara,9640243596
Agbara,9640245875
Agbara,9640248467
Agbara,9640251379
Agbara,9640254033
Agbara,9640256989
Agbara,9640258691
Agbara,9640260757
Agbara,9640260984
Agbara,9640263583
Agbara,9640266302
Agbara,9640269389
Agbara,9640271885
Agbara,9640274185
Agbara,9640274958
Agbara,9640289015
Agbara,9640291542
Agbara,9640291999
Agbara,9640292556
Agbara,9640295928
Agbara,9640303436
Agbara,9640304921
Agbara,9640315341
Agbara,9640319985
Agbara,9640326390
Agbara,9640328875
Agbara,9640329559
Agbara,9640340536
Agbara,9640343142
Agbara,9640343850
Agbara,9640344132
Agbara,9640348532
Agbara,9640362998
Agbara,9640364655
Agbara,9640369234
Agbara,9640369636
Agbara,9640369650
Agbara,9640370771
Agbara,9640371857
Agbara,9640374793
Agbara,9640377873
Agbara,9640385807
Agbara,9640391507
Agbara,9640395086
Agbara,9640398719
Agbara,9640401545
Agbara,9640401765
Agbara,9640406179
Agbara,9640415461
Agbara,9640417609
Agbara,9640424423
Agbara,9640428249
Agbara,9640432426
Agbara,9640435568
Agbara,9640436730
Agbara,9640442997
Agbara,9640444551
Agbara,9640447796
Agbara,9640449611
Agbara,9640452066
Agbara,9640453764
Agbara,9640454060
Agbara,9640457119
Agbara,9640459027
Agbara,9640466645
Agbara,9640473854
Agbara,9640474363
Agbara,9640474583
Agbara,9640474947
Agbara,9640476329
Agbara,9640476738
Agbara,9640481149
Agbara,9640483875
Agbara,9640485707
Agbara,9640491380
Agbara,9640494154
Agbara,9640494446
Agbara,9640495333
Agbara,9640496976
Agbara,9640498877
Agbara,9640500046
Agbara,9640501775
Agbara,9640503951
Agbara,9640505584
Agbara,9640507973
Agbara,9640508389
Agbara,9640511789
Agbara,9640512511
Agbara,9640512700
Agbara,9640518049
Agbara,9640518520
Agbara,9640521542
Agbara,9640527568
Agbara,9640528170
Agbara,9640529816
Agbara,9640533835
Agbara,9640534014
Agbara,9640545544
Agbara,9640547270
Agbara,9640550175
Agbara,9640552430
Agbara,9640552564
Agbara,9640555723
Agbara,9640564486
Agbara,9640565452
Agbara,9640566222
Agbara,9640567937
Agbara,9640569845
Agbara,9640572654
Agbara,9640576731
Agbara,9640577381
Agbara,9640580547
Agbara,9640583452
Agbara,9643718826
Agbara,9644477025
Agbara,9645616287
Agbara,9646348589
Agbara,9646733534
Agbara,9647278962
Ajah,7770000021
Ajah,7770000048
Ajah,7770000051
Ajah,7770000054
Ajah,7770000056
Ajah,7770000081
Ajah,7770000113
Ajah,7770000117
Ajah,7770000142
Ajah,7770000182
Ajah,7770000184
Ajah,7770000239
Ajah,7770000260
Ajah,7770000275
Ajah,7770000276
Ajah,7770000281
Ajah,7770000303
Ajah,7770000318
Ajah,7770000326
Ajah,7770000347
Ajah,7770000368
Ajah,7770000392
Ajah,7770000411
Ajah,7770000420
Ajah,7770000445
Ajah,7770000466
Ajah,7770000508
Ajah,7770000513
Ajah,9618510505
Ajah,9625610487
Ajah,9628948697
Ajah,9629875464
Ajah,9633563335
Ajah,9634402749
Ajah,9635627710
Ajah,9636498384
Ajah,9638365723
Ajah,9639936047
Ajah,9639941001
Ajah,9639941953
Ajah,9639942228
Ajah,9639945315
Ajah,9639948158
Ajah,9639951352
Ajah,9639972494
Ajah,9639974450
Ajah,9639975835
Ajah,9639993378
Ajah,9639997754
Ajah,9639999954
Ajah,9640001615
Ajah,9640007064
Ajah,9640019278
Ajah,9640024751
Ajah,9640039966
Ajah,9640041369
Ajah,9640049530
Ajah,9640050022
Ajah,9640050307
Ajah,9640051672
Ajah,9640053638
Ajah,9640070741
Ajah,9640074615
Ajah,9640089703
Ajah,9640097029
Ajah,9640097988
Ajah,9640098882
Ajah,9640100570
Ajah,9640106187
Ajah,9640109951
Ajah,9640110773
Ajah,9640111677
Ajah,9640112715
Ajah,9640112791
Ajah,9640121674
Ajah,9640128202
Ajah,9640140884
Ajah,9640156687
Ajah,9640160644
Ajah,9640161407
Ajah,9640162105
Ajah,9640162583
Ajah,9640164714
Ajah,9640169771
Ajah,9640172535
Ajah,9640173666
Ajah,9640176148
Ajah,9640178953
Ajah,9640179826
Ajah,9640180679
Ajah,9640186798
Ajah,9640188242
Ajah,9640197022
Ajah,9640198483
Ajah,9640201312
Ajah,9640206922
Ajah,9640210594
Ajah,9640217768
Ajah,9640218435
Ajah,9640227473
Ajah,9640241059
Ajah,9640245655
Ajah,9640248395
Ajah,9640250080
Ajah,9640254947
Ajah,9640262452
Ajah,9640264999
Ajah,9640267756
Ajah,9640275340
Ajah,9640281473
Ajah,9640281576
Ajah,9640294464
Ajah,9640295478
Ajah,9640295643
Ajah,9640300899
Ajah,9640305234
Ajah,9640305557
Ajah,9640307719
Ajah,9640307836
Ajah,9640310511
Ajah,9640314935
Ajah,9640317833
Ajah,9640318964
Ajah,9640319325
Ajah,9640319631
Ajah,9640320374
Ajah,9640323973
Ajah,9640331598
Ajah,9640338717
Ajah,9640340842
Ajah,9640345720
Ajah,9640346569
Ajah,9640359330
Ajah,9640371950
Ajah,9640376821
Ajah,9640383755
Ajah,9640386402
Ajah,9640388042
Ajah,9640397334
Ajah,9640402384
Ajah,9640403666
Ajah,9640405017
Ajah,9640423127
Ajah,9640423220
Ajah,9640438583
Ajah,9640446256
Ajah,9640448535
Ajah,9640461619
Ajah,9640461750
Ajah,9640464988
Ajah,9640469134
Ajah,9640472613
Ajah,9640474129
Ajah,9640501373
Ajah,9640502806
Ajah,9640512360
Ajah,9640512872
Ajah,9640513312
Ajah,9640513336
Ajah,9640517011
Ajah,9640517396
Ajah,9640521023
Ajah,9640525849
Ajah,9640542024
Ajah,9640542141
Ajah,9640545977
Ajah,9640548882
Ajah,9640557662
Ajah,9640564802
Ajah,9640569182
Ajah,9640575239
Ajah,9640582895
Ajah,9640585092
Ajah,9640586824
Ajah,9640588316
Ajah,9643594763
Ajah,9646269941
Ajah,9647257129
Ajah,9648078183
Ajah,9648100899
Ajah,9649449023
Ajah,9653690875
Ajah,9653804728
Ajah,9655097186
Ajah,9655923430
Ajele,7770000018
Ajele,7770000532
Ajele,9630951304
Ajele,9639974838
Ajele,9639994519
Ajele,9640035425
Ajele,9640047330
Ajele,9640064735
Ajele,9640103382
Ajele,9640117473
Ajele,9640124589
Ajele,9640127126
Ajele,9640179015
Ajele,9640198782
Ajele,9640268306
Ajele,9640295753
Ajele,9640300851
Ajele,9640377433
Ajele,9640396519
Ajele,9640413230
Ajele,9640422003
Ajele,9640422010
Ajele,9640434712
Ajele,9640451540
Ajele,9640464397
Ajele,9640483057
Ajele,9640512676
Ajele,9640517004
Ajele,9640523216
Ajele,9640576858
Ajele,9655315415
Apapa,7770000022
Apapa,7770000089
Apapa,7770000122
Apapa,7770000127
Apapa,7770000139
Apapa,7770000144
Apapa,7770000152
Apapa,7770000158
Apapa,7770000262
Apapa,7770000339
Apapa,7770000345
Apapa,7770000377
Apapa,7770000386
Apapa,7770000427
Apapa,7770000482
Apapa,7770000492
Apapa,7770000497
Apapa,7770000516
Apapa,9639938182
Apapa,9639952005
Apapa,9639971002
Apapa,9639972432
Apapa,9639976382
Apapa,9639991707
Apapa,9640015311
Apapa,9640016239
Apapa,9640021688
Apapa,9640021877
Apapa,9640092323
Apapa,9640100343
Apapa,9640137226
Apapa,9640143335
Apapa,9640148574
Apapa,9640152232
Apapa,9640181896
Apapa,9640231320
Apapa,9640250327
Apapa,9640267213
Apapa,9640304701
Apapa,9640306901
Apapa,9640362826
Apapa,9640377804
Apapa,9640394412
Apapa,9640397970
Apapa,9640403185
Apapa,9640404962
Apapa,9640418802
Apapa,9640420937
Apapa,9640424681
Apapa,9640447253
Apapa,9640447284
Apapa,9640473517
Apapa,9640474521
Apapa,9640484999
Apapa,9640489190
Apapa,9640491249
Apapa,9640493566
Apapa,9640503573
Apapa,9640530353
Apapa,9640559989
Apapa,9640571853
Apapa,9640584370
Apapa,9640589265
Apapa,9641628792
Apapa,9653417748
Festac,7770000009
Festac,7770000083
Festac,7770000093
Festac,7770000175
Festac,7770000177
Festac,7770000178
Festac,7770000183
Festac,7770000190
Festac,7770000205
Festac,7770000214
Festac,7770000234
Festac,7770000236
Festac,7770000307
Festac,7770000341
Festac,7770000354
Festac,7770000366
Festac,7770000401
Festac,7770000464
Festac,7770000468
Festac,7770000471
Festac,7770000478
Festac,9612487797
Festac,9619323016
Festac,9639936061
Festac,9639937185
Festac,9639960297
Festac,9639970926
Festac,9639972858
Festac,9639973783
Festac,9639982491
Festac,9639986396
Festac,9639987128
Festac,9639989933
Festac,9639993141
Festac,9639996166
Festac,9639997503
Festac,9639999181
Festac,9640002650
Festac,9640007820
Festac,9640009800
Festac,9640016679
Festac,9640048564
Festac,9640051854
Festac,9640054381
Festac,9640058949
Festac,9640061002
Festac,9640061710
Festac,9640063659
Festac,9640065000
Festac,9640065907
Festac,9640070356
Festac,9640072068
Festac,9640074457
Festac,9640076066
Festac,9640076585
Festac,9640079665
Festac,9640083196
Festac,9640083471
Festac,9640095111
Festac,9640097177
Festac,9640097304
Festac,9640099793
Festac,9640119745
Festac,9640128848
Festac,9640132300
Festac,9640143531
Festac,9640144703
Festac,9640148237
Festac,9640148921
Festac,9640152160
Festac,9640156072
Festac,9640166426
Festac,9640189081
Festac,9640191075
Festac,9640196850
Festac,9640196915
Festac,9640197125
Festac,9640200377
Festac,9640208380
Festac,9640215829
Festac,9640217421
Festac,9640229817
Festac,9640231193
Festac,9640231399
Festac,9640231760
Festac,9640238068
Festac,9640239209
Festac,9640242702
Festac,9640245930
Festac,9640264810
Festac,9640273573
Festac,9640273999
Festac,9640277643
Festac,9640294127
Festac,9640300662
Festac,9640304361
Festac,9640309146
Festac,9640315365
Festac,9640321182
Festac,9640321704
Festac,9640327665
Festac,9640329047
Festac,9640336476
Festac,9640338865
Festac,9640339790
Festac,9640342750
Festac,9640342846
Festac,9640352238
Festac,9640362448
Festac,9640365566
Festac,9640366941
Festac,9640368103
Festac,9640373136
Festac,9640374140
Festac,9640377471
Festac,9640380826
Festac,9640391789
Festac,9640392061
Festac,9640393563
Festac,9640394508
Festac,9640405251
Festac,9640412398
Festac,9640419452
Festac,9640422096
Festac,9640425877
Festac,9640427417
Festac,9640449178
Festac,9640457360
Festac,9640468247
Festac,9640476862
Festac,9640481620
Festac,9640515055
Festac,9640524093
Festac,9640525100
Festac,9640534595
Festac,9640535970
Festac,9640543595
Festac,9640548480
Festac,9640552904
Festac,9640558944
Festac,9640563915
Festac,9640565919
Festac,9640571468
Festac,9640571808
Festac,9640578656
Festac,9640587742
Festac,9641469296
Festac,9642936351
Festac,9643313960
Festac,9646508013
Festac,9648279368
Festac,9649486109
Festac,9654405988
Ibeju,7770000028
Ibeju,7770000032
Ibeju,7770000066
Ibeju,7770000088
Ibeju,7770000108
Ibeju,7770000140
Ibeju,7770000153
Ibeju,7770000199
Ibeju,7770000204
Ibeju,7770000209
Ibeju,7770000238
Ibeju,7770000244
Ibeju,7770000261
Ibeju,7770000266
Ibeju,7770000285
Ibeju,7770000290
Ibeju,7770000384
Ibeju,7770000421
Ibeju,7770000426
Ibeju,7770000431
Ibeju,7770000444
Ibeju,7770000446
Ibeju,7770000450
Ibeju,7770000477
Ibeju,7770000485
Ibeju,7770000498
Ibeju,7770000501
Ibeju,7770000514
Ibeju,7770000533
Ibeju,9611059911
Ibeju,9612119535
Ibeju,9612190215
Ibeju,9613673764
Ibeju,9613869442
Ibeju,9616019365
Ibeju,9629267322
Ibeju,9630257336
Ibeju,9632910169
Ibeju,9634323637
Ibeju,9634494258
Ibeju,9636409553
Ibeju,9636720711
Ibeju,9636775924
Ibeju,9638859011
Ibeju,9639023963
Ibeju,9639935947
Ibeju,9639947876
Ibeju,9639956632
Ibeju,9639958193
Ibeju,9639966536
Ibeju,9639969269
Ibeju,9639971813
Ibeju,9639975914
Ibeju,9639982116
Ibeju,9639982381
Ibeju,9639983089
Ibeju,9639985760
Ibeju,9639990896
Ibeju,9639995750
Ibeju,9639997008
Ibeju,9640002423
Ibeju,9640003152
Ibeju,9640011935
Ibeju,9640014699
Ibeju,9640032857
Ibeju,9640036989
Ibeju,9640046003
Ibeju,9640048430
Ibeju,9640059843
Ibeju,9640065103
Ibeju,9640066416
Ibeju,9640104224
Ibeju,9640104602
Ibeju,9640113262
Ibeju,9640125483
Ibeju,9640129797
Ibeju,9640153796
Ibeju,9640156917
Ibeju,9640158777
Ibeju,9640160345
Ibeju,9640161146
Ibeju,9640168169
Ibeju,9640169702
Ibeju,9640176643
Ibeju,9640178180
Ibeju,9640181418
Ibeju,9640187836
Ibeju,9640187946
Ibeju,9640188046
Ibeju,9640207314
Ibeju,9640213825
Ibeju,9640213870
Ibeju,9640225314
Ibeju,9640226610
Ibeju,9640226768
Ibeju,9640243156
Ibeju,9640249330
Ibeju,9640264470
Ibeju,9640266955
Ibeju,9640270383
Ibeju,9640275948
Ibeju,9640290844
Ibeju,9640296028
Ibeju,9640306712
Ibeju,9640308462
Ibeju,9640309139
Ibeju,9640309366
Ibeju,9640319088
Ibeju,9640322419
Ibeju,9640322969
Ibeju,9640338638
Ibeju,9640344981
Ibeju,9640351396
Ibeju,9640351743
Ibeju,9640355868
Ibeju,9640356779
Ibeju,9640357154
Ibeju,9640365391
Ibeju,9640366271
Ibeju,9640372232
Ibeju,9640376632
Ibeju,9640382246
Ibeju,9640393752
Ibeju,9640401002
Ibeju,9640401349
Ibeju,9640404883
Ibeju,9640406186
Ibeju,9640419854
Ibeju,9640437548
Ibeju,9640439731
Ibeju,9640440041
Ibeju,9640441574
Ibeju,9640444506
Ibeju,9640454077
Ibeju,9640460210
Ibeju,9640464603
Ibeju,9640471788
Ibeju,9640481170
Ibeju,9640487725
Ibeju,9640497021
Ibeju,9640502545
Ibeju,9640503274
Ibeju,9640503827
Ibeju,9640504604
Ibeju,9640509300
Ibeju,9640535808
Ibeju,9640542110
Ibeju,9640543887
Ibeju,9640550144
Ibeju,9640551608
Ibeju,9640564132
Ibeju,9640565933
Ibeju,9640566693
Ibeju,9640574971
Ibeju,9640575679
Ibeju,9641565181
Ibeju,9642256158
Ibeju,9642574858
Ibeju,9644529302
Ibeju,9645749976
Ibeju,9652881025
Ijora,7770000002
Ijora,7770000019
Ijora,7770000023
Ijora,7770000082
Ijora,7770000090
Ijora,7770000118
Ijora,7770000121
Ijora,7770000162
Ijora,7770000166
Ijora,7770000180
Ijora,7770000193
Ijora,7770000213
Ijora,7770000224
Ijora,7770000228
Ijora,7770000230
Ijora,7770000237
Ijora,7770000256
Ijora,7770000288
Ijora,7770000321
Ijora,7770000360
Ijora,7770000403
Ijora,7770000415
Ijora,7770000494
Ijora,7770000528
Ijora,7770000541
Ijora,9614110024
Ijora,9618014663
Ijora,9618300179
Ijora,9620807253
Ijora,9621160355
Ijora,9624417225
Ijora,9625588702
Ijora,9628552092
Ijora,9632206510
Ijora,9632946973
Ijora,9633039513
Ijora,9633996425
Ijora,9634378125
Ijora,9635477829
Ijora,9639935703
Ijora,9639939990
Ijora,9639940877
Ijora,9639943706
Ijora,9639948873
Ijora,9639952593
Ijora,9639955161
Ijora,9639989067
Ijora,9639989380
Ijora,9639996032
Ijora,9640000759
Ijora,9640001031
Ijora,9640004331
Ijora,9640007088
Ijora,9640015115
Ijora,9640019481
Ijora,9640061868
Ijora,9640064577
Ijora,9640071432
Ijora,9640072312
Ijora,9640073388
Ijora,9640074983
Ijora,9640076774
Ijora,9640078091
Ijora,9640079562
Ijora,9640080171
Ijora,9640080298
Ijora,9640086881
Ijora,9640091807
Ijora,9640116562
Ijora,9640117583
Ijora,9640127432
Ijora,9640139206
Ijora,9640144435
Ijora,9640146738
Ijora,9640157866
Ijora,9640159183
Ijora,9640160314
Ijora,9640162181
Ijora,9640163645
Ijora,9640165656
Ijora,9640166529
Ijora,9640168114
Ijora,9640172236
Ijora,9640172267
Ijora,9640180033
Ijora,9640185162
Ijora,9640187142
Ijora,9640190470
Ijora,9640198854
Ijora,9640204423
Ijora,9640209442
Ijora,9640209868
Ijora,9640212158
Ijora,9640228755
Ijora,9640238422
Ijora,9640253751
Ijora,9640265776
Ijora,9640270307
Ijora,9640271270
Ijora,9640272978
Ijora,9640280782
Ijora,9640284089
Ijora,9640302006
Ijora,9640314210
Ijora,9640318483
Ijora,9640318737
Ijora,9640318902
Ijora,9640322732
Ijora,9640322859
Ijora,9640330584
Ijora,9640332296
Ijora,9640333190
Ijora,9640333334
Ijora,9640333853
Ijora,9640334355
Ijora,9640342420
Ijora,9640349498
Ijora,9640358436
Ijora,9640365298
Ijora,9640375824
Ijora,9640377976
Ijora,9640388774
Ijora,9640389984
Ijora,9640395323
Ijora,9640397877
Ijora,9640410772
Ijora,9640418589
Ijora,9640420377
Ijora,9640422412
Ijora,9640429363
Ijora,9640436345
Ijora,9640442856
Ijora,9640444159
Ijora,9640446012
Ijora,9640446782
Ijora,9640448281
Ijora,9640458707
Ijora,9640463761
Ijora,9640464270
Ijora,9640464452
Ijora,9640466573
Ijora,9640468632
Ijora,9640469172
Ijora,9640480537
Ijora,9640487316
Ijora,9640487794
Ijora,9640489279
Ijora,9640492473
Ijora,9640499221
Ijora,9640512047
Ijora,9640513305
Ijora,9640519352
Ijora,9640523326
Ijora,9640529050
Ijora,9640529098
Ijora,9640536874
Ijora,9640539538
Ijora,9640552272
Ijora,9640555084
Ijora,9640558377
Ijora,9640567061
Ijora,9640568439
Ijora,9640568594
Ijora,9640573675
Ijora,9640576449
Ijora,9640577783
Ijora,9640584758
Ijora,9640593590
Ijora,9640594511
Ijora,9641351434
Ijora,9642563380
Ijora,9642724983
Ijora,9643490614
Ijora,9645214810
Ijora,9647709099
Ijora,9649370097
Ijora,9649966306
Ijora,9654262794
Ijora,9655863088
Island,7770000037
Island,7770000041
Island,7770000046
Island,7770000068
Island,7770000070
Island,7770000071
Island,7770000072
Island,7770000073
Island,7770000074
Island,7770000075
Island,7770000076
Island,7770000077
Island,7770000078
Island,7770000079
Island,7770000080
Island,7770000096
Island,7770000129
Island,7770000138
Island,7770000155
Island,7770000181
Island,7770000202
Island,7770000207
Island,7770000208
Island,7770000211
Island,7770000227
Island,7770000242
Island,7770000257
Island,7770000297
Island,7770000317
Island,7770000323
Island,7770000324
Island,7770000408
Island,7770000537
Island,9615267279
Island,9615815508
Island,9616906034
Island,9617370360
Island,9624307005
Island,9625524142
Island,9627291561
Island,9628346554
Island,9628988499
Island,9632103097
Island,9633556717
Island,9634698984
Island,9635207714
Island,9635675333
Island,9636396411
Island,9637677692
Island,9639703142
Island,9639951802
Island,9639953466
Island,9639956072
Island,9639966615
Island,9639966897
Island,9639978489
Island,9639988716
Island,9639989445
Island,9639993282
Island,9640003932
Island,9640006641
Island,9640028900
Island,9640052569
Island,9640084935
Island,9640090398
Island,9640094509
Island,9640095881
Island,9640111608
Island,9640117909
Island,9640130942
Island,9640131097
Island,9640155381
Island,9640163683
Island,9640173518
Island,9640175189
Island,9640177695
Island,9640185454
Island,9640188369
Island,9640200133
Island,9640202553
Island,9640209772
Island,9640221426
Island,9640232389
Island,9640240612
Island,9640243651
Island,9640261936
Island,9640266498
Island,9640276543
Island,9640278671
Island,9640318548
Island,9640320381
Island,9640348855
Island,9640384295
Island,9640387870
Island,9640393659
Island,9640393721
Island,9640399228
Island,9640411164
Island,9640418273
Island,9640419957
Island,9640420030
Island,9640421020
Island,9640421154
Island,9640438459
Island,9640438473
Island,9640442454
Island,9640448580
Island,9640450505
Island,9640454912
Island,9640455438
Island,9640471427
Island,9640473902
Island,9640474538
Island,9640497162
Island,9640516588
Island,9640521243
Island,9640535585
Island,9640542017
Island,9640542536
Island,9640552416
Island,9640581290
Island,9640589447
Island,9643071615
Island,9644654844
Island,9645210348
Island,9645549475
Island,9646345643
Island,9647754233
Island,9647913997
Island,9649504504
Island,9649687401
Island,9649805438
Island,9650706560
Island,9652656487
Island,9653624685
Island,9654156060
Island,9655670174
Lekki,7770000005
Lekki,7770000015
Lekki,7770000035
Lekki,7770000038
Lekki,7770000044
Lekki,7770000052
Lekki,7770000055
Lekki,7770000061
Lekki,7770000097
Lekki,7770000103
Lekki,7770000105
Lekki,7770000106
Lekki,7770000120
Lekki,7770000131
Lekki,7770000132
Lekki,7770000137
Lekki,7770000151
Lekki,7770000161
Lekki,7770000169
Lekki,7770000172
Lekki,7770000173
Lekki,7770000210
Lekki,7770000232
Lekki,7770000243
Lekki,7770000264
Lekki,7770000274
Lekki,7770000300
Lekki,7770000364
Lekki,7770000395
Lekki,7770000467
Lekki,7770000479
Lekki,7770000526
Lekki,9612054803
Lekki,9617104741
Lekki,9617233906
Lekki,9618527563
Lekki,9621921183
Lekki,9627289371
Lekki,9628659575
Lekki,9629492049
Lekki,9631290095
Lekki,9635656824
Lekki,9637400911
Lekki,9639877599
Lekki,9639936982
Lekki,9639937776
Lekki,9639937965
Lekki,9639938845
Lekki,9639943122
Lekki,9639950702
Lekki,9639951998
Lekki,9639952050
Lekki,9639960778
Lekki,9639960802
Lekki,9639966976
Lekki,9639969403
Lekki,9639971590
Lekki,9639974553
Lekki,9639978362
Lekki,9639992429
Lekki,9639999655
Lekki,9640005307
Lekki,9640016851
Lekki,9640022795
Lekki,9640025758
Lekki,9640036910
Lekki,9640038945
Lekki,9640044700
Lekki,9640047787
Lekki,9640048461
Lekki,9640052538
Lekki,9640063398
Lekki,9640071487
Lekki,9640072257
Lekki,9640084832
Lekki,9640085255
Lekki,9640089428
Lekki,9640096778
Lekki,9640102134
Lekki,9640108071
Lekki,9640115156
Lekki,9640121155
Lekki,9640148787
Lekki,9640149564
Lekki,9640170957
Lekki,9640174962
Lekki,9640177626
Lekki,9640182329
Lekki,9640193770
Lekki,9640207802
Lekki,9640212048
Lekki,9640218655
Lekki,9640260159
Lekki,9640261132
Lekki,9640268234
Lekki,9640270936
Lekki,9640277399
Lekki,9640278262
Lekki,9640283051
Lekki,9640284735
Lekki,9640295430
Lekki,9640306815
Lekki,9640314090
Lekki,9640320020
Lekki,9640331024
Lekki,9640343317
Lekki,9640346284
Lekki,9640347236
Lekki,9640347683
Lekki,9640359574
Lekki,9640368268
Lekki,9640372816
Lekki,9640375130
Lekki,9640385137
Lekki,9640393264
Lekki,9640400249
Lekki,9640409840
Lekki,9640415351
Lekki,9640417740
Lekki,9640418280
Lekki,9640430611
Lekki,9640437689
Lekki,9640439638
Lekki,9640442863
Lekki,9640449415
Lekki,9640455476
Lekki,9640458439
Lekki,9640458769
Lekki,9640473665
Lekki,9640478691
Lekki,9640480049
Lekki,9640492727
Lekki,9640514144
Lekki,9640514917
Lekki,9640519194
Lekki,9640519314
Lekki,9640524048
Lekki,9640530968
Lekki,9640539411
Lekki,9640544839
Lekki,9640546091
Lekki,9640552636
Lekki,9640556397
Lekki,9640568666
Lekki,9640579880
Lekki,9640586192
Lekki,9641216139
Lekki,9641651880
Lekki,9642338670
Lekki,9642513244
Lekki,9642778993
Lekki,9643748810
Lekki,9646927885
Lekki,9646979406
Lekki,9648347249
Lekki,9652394327
Mushin,7770000003
Mushin,7770000014
Mushin,7770000099
Mushin,7770000109
Mushin,7770000143
Mushin,7770000148
Mushin,7770000195
Mushin,7770000201
Mushin,7770000206
Mushin,7770000222
Mushin,7770000255
Mushin,7770000265
Mushin,7770000268
Mushin,7770000311
Mushin,7770000314
Mushin,7770000373
Mushin,7770000417
Mushin,7770000424
Mushin,7770000502
Mushin,7770000505
Mushin,7770000515
Mushin,9615600751
Mushin,9620565915
Mushin,9623107992
Mushin,9626857504
Mushin,9634814474
Mushin,9639936872
Mushin,9639939062
Mushin,9639952160
Mushin,9639962277
Mushin,9639962332
Mushin,9639970579
Mushin,9639978104
Mushin,9639988747
Mushin,9639995152
Mushin,9640000429
Mushin,9640002502
Mushin,9640003217
Mushin,9640008384
Mushin,9640010158
Mushin,9640021255
Mushin,9640021592
Mushin,9640024933
Mushin,9640030310
Mushin,9640033184
Mushin,9640040812
Mushin,9640049334
Mushin,9640050589
Mushin,9640060627
Mushin,9640063491
Mushin,9640066258
Mushin,9640070473
Mushin,9640083103
Mushin,9640087091
Mushin,9640099542
Mushin,9640100738
Mushin,9640108985
Mushin,9640127047
Mushin,9640134971
Mushin,9640140578
Mushin,9640146972
Mushin,9640148598
Mushin,9640149540
Mushin,9640151565
Mushin,9640154308
Mushin,9640157330
Mushin,9640157550
Mushin,9640161847
Mushin,9640164219
Mushin,9640173329
Mushin,9640179840
Mushin,9640186413
Mushin,9640195932
Mushin,9640200432
Mushin,9640202481
Mushin,9640210367
Mushin,9640242977
Mushin,9640248096
Mushin,9640255463
Mushin,9640257216
Mushin,9640258543
Mushin,9640259272
Mushin,9640265800
Mushin,9640271500
Mushin,9640284962
Mushin,9640289228
Mushin,9640295667
Mushin,9640297104
Mushin,9640320264
Mushin,9640320501
Mushin,9640335637
Mushin,9640340378
Mushin,9640340529
Mushin,9640349175
Mushin,9640362974
Mushin,9640364349
Mushin,9640366219
Mushin,9640378942
Mushin,9640379592
Mushin,9640385120
Mushin,9640386093
Mushin,9640386615
Mushin,9640397901
Mushin,9640398829
Mushin,9640407413
Mushin,9640418479
Mushin,9640420858
Mushin,9640431405
Mushin,9640431687
Mushin,9640440010
Mushin,9640443437
Mushin,9640445606
Mushin,9640448016
Mushin,9640458697
Mushin,9640469189
Mushin,9640486656
Mushin,9640486711
Mushin,9640488454
Mushin,9640494123
Mushin,9640494594
Mushin,9640509647
Mushin,9640512566
Mushin,9640516753
Mushin,9640524529
Mushin,9640524828
Mushin,9640525368
Mushin,9640533244
Mushin,9640533952
Mushin,9640540037
Mushin,9640540336
Mushin,9640545472
Mushin,9640546589
Mushin,9640550814
Mushin,9640552777
Mushin,9640554726
Mushin,9640563317
Mushin,9640570801
Mushin,9640573596
Mushin,9640580169
Mushin,9640580815
Mushin,9640586635
Mushin,9641109020
Mushin,9641124256
Mushin,9642345085
Mushin,9643115054
Mushin,9643550286
Mushin,9646472811
Mushin,9652525235
Mushin,9654039246
Mushin,9654144942
Mushin,9654268741
Ojo,7770000013
Ojo,7770000119
Ojo,7770000124
Ojo,7770000163
Ojo,7770000174
Ojo,7770000218
Ojo,7770000223
Ojo,7770000231
Ojo,7770000263
Ojo,7770000267
Ojo,7770000270
Ojo,7770000280
Ojo,7770000293
Ojo,7770000305
Ojo,7770000332
Ojo,7770000358
Ojo,7770000402
Ojo,7770000423
Ojo,7770000451
Ojo,7770000453
Ojo,7770000459
Ojo,7770000486
Ojo,7770000488
Ojo,7770000493
Ojo,7770000507
Ojo,7770000512
Ojo,7770000529
Ojo,9614196091
Ojo,9638283476
Ojo,9639957512
Ojo,9639960369
Ojo,9639968451
Ojo,9639976667
Ojo,9639980349
Ojo,9639982800
Ojo,9639989218
Ojo,9639992467
Ojo,9640002605
Ojo,9640007143
Ojo,9640011997
Ojo,9640021925
Ojo,9640031331
Ojo,9640038024
Ojo,9640038031
Ojo,9640040355
Ojo,9640048526
Ojo,9640052301
Ojo,9640052583
Ojo,9640072240
Ojo,9640076695
Ojo,9640080164
Ojo,9640082209
Ojo,9640085145
Ojo,9640094080
Ojo,9640099078
Ojo,9640107029
Ojo,9640107816
Ojo,9640120031
Ojo,9640121289
Ojo,9640128367
Ojo,9640141441
Ojo,9640148873
Ojo,9640149557
Ojo,9640157914
Ojo,9640199686
Ojo,9640205396
Ojo,9640206173
Ojo,9640209617
Ojo,9640211120
Ojo,9640225929
Ojo,9640229264
Ojo,9640264267
Ojo,9640265006
Ojo,9640271225
Ojo,9640272662
Ojo,9640275591
Ojo,9640278592
Ojo,9640290181
Ojo,9640292563
Ojo,9640309665
Ojo,9640309720
Ojo,9640311082
Ojo,9640312168
Ojo,9640318469
Ojo,9640320941
Ojo,9640325513
Ojo,9640326974
Ojo,9640329858
Ojo,9640335651
Ojo,9640336005
Ojo,9640356528
Ojo,9640357635
Ojo,9640357745
Ojo,9640365614
Ojo,9640368842
Ojo,9640373246
Ojo,9640383126
Ojo,9640388949
Ojo,9640392308
Ojo,9640396399
Ojo,9640400665
Ojo,9640415045
Ojo,9640415382
Ojo,9640421910
Ojo,9640429882
Ojo,9640441921
Ojo,9640461499
Ojo,9640465071
Ojo,9640475999
Ojo,9640477340
Ojo,9640483064
Ojo,9640489846
Ojo,9640495113
Ojo,9640495553
Ojo,9640500857
Ojo,9640503243
Ojo,9640506684
Ojo,9640519606
Ojo,9640523711
Ojo,9640526437
Ojo,9640526901
Ojo,9640532766
Ojo,9640541175
Ojo,9640546242
Ojo,9640575583
Ojo,9640579828
Ojo,9640584428
Ojo,9640590290
Ojo,9640592782
Ojo,9642459148
Ojo,9643276135
Ojo,9644898255
Ojo,9647279378
Ojo,9649474658
Ojo,9652405568
Orile,7770000042
Orile,7770000043
Orile,7770000094
Orile,7770000107
Orile,7770000156
Orile,7770000160
Orile,7770000179
Orile,7770000187
Orile,7770000198
Orile,7770000200
Orile,7770000212
Orile,7770000226
Orile,7770000249
Orile,7770000254
Orile,7770000259
Orile,7770000302
Orile,7770000329
Orile,7770000369
Orile,7770000412
Orile,7770000461
Orile,7770000473
Orile,7770000500
Orile,7770000527
Orile,7770000542
Orile,9612751566
Orile,9614646644
Orile,9616032607
Orile,9617407222
Orile,9618874690
Orile,9630327761
Orile,9632431275
Orile,9636471484
Orile,9639936803
Orile,9639950599
Orile,9639962143
Orile,9639965364
Orile,9639967650
Orile,9639974371
Orile,9639980404
Orile,9639986217
Orile,9639992292
Orile,9639995901
Orile,9639996654
Orile,9640007583
Orile,9640008621
Orile,9640008731
Orile,9640012468
Orile,9640015304
Orile,9640020849
Orile,9640035951
Orile,9640036769
Orile,9640045563
Orile,9640047969
Orile,9640048210
Orile,9640054879
Orile,9640069754
Orile,9640097050
Orile,9640101144
Orile,9640109858
Orile,9640111103
Orile,9640115015
Orile,9640122530
Orile,9640130856
Orile,9640158344
Orile,9640174443
Orile,9640180985
Orile,9640186444
Orile,9640190542
Orile,9640191178
Orile,9640192728
Orile,9640193732
Orile,9640194203
Orile,9640198847
Orile,9640199318
Orile,9640202254
Orile,9640209679
Orile,9640210013
Orile,9640218318
Orile,9640219456
Orile,9640220027
Orile,9640238879
Orile,9640239096
Orile,9640244366
Orile,9640246456
Orile,9640259454
Orile,9640267206
Orile,9640269884
Orile,9640288355
Orile,9640289864
Orile,9640295069
Orile,9640295650
Orile,9640296183
Orile,9640304433
Orile,9640309287
Orile,9640313189
Orile,9640318328
Orile,9640321089
Orile,9640327081
Orile,9640332131
Orile,9640340079
Orile,9640341409
Orile,9640345218
Orile,9640346057
Orile,9640347669
Orile,9640349821
Orile,9640354184
Orile,9640356432
Orile,9640360808
Orile,9640374803
Orile,9640378186
Orile,9640381809
Orile,9640382552
Orile,9640384006
Orile,9640384099
Orile,9640393934
Orile,9640394900
Orile,9640397705
Orile,9640406351
Orile,9640419885
Orile,9640422766
Orile,9640423347
Orile,9640439360
Orile,9640448504
Orile,9640462094
Orile,9640466621
Orile,9640477986
Orile,9640478127
Orile,9640480001
Orile,9640487299
Orile,9640491177
Orile,9640495230
Orile,9640504422
Orile,9640507887
Orile,9640511174
Orile,9640520019
Orile,9640525722
Orile,9640555486
Orile,9640579969
Orile,9640581881
Orile,9640584033
Orile,9640587577
Orile,9640588488
Orile,9640595549
Orile,9642046564
Orile,9643216315
Orile,9643520546
Orile,9643657439
Orile,9646476534
Orile,9647741022
Orile,9647877262
Mushin,9643550286
Ijora,9645214810
Lekki,9645312754
Festac,9646508013
#N/A,7770000033
#N/A,9622967506
